date,total_population,total_spend,news_count,social_count,cluster
2022-09-10,2258802.0,4842463.350000001,0.0,0.0,0
2022-09-12,2258802.0,1286200.0,0.0,0.0,0
2022-09-14,2258802.0,2714474.95,0.0,0.0,0
2022-09-16,2258802.0,40405804.849999994,0.0,0.0,0
2022-09-22,2258802.0,688376.6,0.0,0.0,0
2022-09-23,2258802.0,90011470.85,0.0,0.0,0
2022-09-27,2258802.0,4997347.2,0.0,0.0,0
2022-09-30,2258802.0,128016727.95,0.0,0.0,0
2022-10-01,2258802.0,2864075.35,0.0,0.0,0
2022-10-03,2258802.0,1554650.0,0.0,0.0,0
2022-10-04,2258802.0,5671159.649999999,0.0,0.0,0
2022-10-05,2258802.0,27104600.0,0.0,0.0,0
2022-10-06,2258802.0,5116344.3,0.0,0.0,0
2022-10-07,2258802.0,167888450.05,0.0,0.0,0
2022-10-11,2258802.0,71685.0,0.0,0.0,0
2022-10-12,2258802.0,407451.05,0.0,0.0,0
2022-10-13,2258802.0,115684.25,0.0,0.0,0
2022-10-14,2258802.0,146874962.85,0.0,0.0,0
2022-10-17,2258802.0,18172.0,0.0,0.0,0
2022-10-18,2258802.0,727175.0,0.0,0.0,0
2022-10-19,2258802.0,2536150.4000000004,0.0,0.0,0
2022-10-21,2258802.0,196638778.35,0.0,0.0,0
2022-10-22,2258802.0,33576.9,0.0,0.0,0
2022-10-24,2258802.0,3063462.9000000004,0.0,0.0,0
2022-10-25,2258802.0,215524.05000000002,0.0,0.0,0
2022-10-28,2258802.0,248691032.75,0.0,0.0,0
2022-10-31,2258802.0,14585826.6,0.0,0.0,0
2022-11-01,2258802.0,1246375.0,0.0,0.0,0
2022-11-02,2258802.0,973700.6,0.0,0.0,0
2022-11-03,2258802.0,17859813.3,0.0,0.0,0
2022-11-04,2258802.0,14025775.0,0.0,0.0,0
2022-11-11,2258802.0,228997287.05,0.0,0.0,0
2022-11-15,2258802.0,584595.6,0.0,0.0,0
2022-11-16,2258802.0,4857180.9,0.0,0.0,0
2022-11-17,2258802.0,11245249.549999999,0.0,0.0,0
2022-11-18,2258802.0,288775006.3,0.0,0.0,0
2022-11-21,2258802.0,851423.1,0.0,0.0,0
2022-11-22,2258802.0,10841161.5,0.0,0.0,0
2022-11-25,2258802.0,210497518.45000002,0.0,0.0,0
2022-11-29,2258802.0,7404500.0,0.0,0.0,0
2022-11-30,2258802.0,17212311.9,0.0,0.0,0
2022-12-01,2258802.0,28667049.8,0.0,0.0,0
2022-12-02,2258802.0,242767839.85,0.0,0.0,0
2022-12-04,2258802.0,4917529.05,0.0,0.0,0
2022-12-05,2258802.0,701970.2000000001,0.0,0.0,0
2022-12-06,2258802.0,2949746.3,0.0,0.0,0
2022-12-07,2258802.0,468619.3,0.0,0.0,0
2022-12-08,2258802.0,3490410.5,0.0,0.0,0
2022-12-09,2258802.0,262453511.4,0.0,0.0,0
2022-12-10,2258802.0,14428.449999999999,0.0,0.0,0
2022-12-13,2258802.0,767283.2,0.0,0.0,0
2022-12-15,2258802.0,353702.05,0.0,0.0,0
2022-12-16,2258802.0,267699558.35,0.0,0.0,0
2022-12-19,2258802.0,4684600.0,0.0,0.0,0
2022-12-21,2258802.0,28821.499999999145,0.0,0.0,0
2022-12-22,2258802.0,4601657.799999999,0.0,0.0,0
2022-12-23,2258802.0,256447234.70000002,0.0,0.0,0
2022-12-27,2258802.0,1659375.0,0.0,0.0,0
2022-12-28,2258802.0,5900000.0,0.0,0.0,0
2022-12-29,2258802.0,151368842.4,0.0,0.0,0
2022-12-30,2258802.0,246334393.75,0.0,0.0,0
2022-12-31,2258802.0,193505974.64,0.0,0.0,0
2023-01-01,2258802.0,3476575.0,0.0,0.0,0
2023-01-04,2258802.0,16549907.1,0.0,0.0,0
2023-01-05,2258802.0,6307498.25,0.0,0.0,0
2023-01-06,2258802.0,280993811.95,0.0,0.0,0
2023-01-07,2258802.0,996344.8,0.0,0.0,0
2023-01-09,2258802.0,6814641.600000001,0.0,0.0,0
2023-01-10,2258802.0,27650521.1,0.0,0.0,0
2023-01-11,2258802.0,1750875.15,0.0,0.0,0
2023-01-12,2258802.0,71390.0,0.0,0.0,0
2023-01-13,2258802.0,343454632.23,0.0,0.0,0
2023-01-16,2258802.0,1578250.0,0.0,0.0,0
2023-01-18,2258802.0,1659375.0,0.0,0.0,0
2023-01-20,2258802.0,336616561.55,0.0,0.0,0
2023-01-21,2258802.0,3038500.0,0.0,0.0,0
2023-01-23,2258802.0,8687012.5,0.0,0.0,0
2023-01-25,2258802.0,18295782.0,0.0,0.0,0
2023-01-27,2258802.0,823538626.2,0.0,0.0,2
2023-01-30,2258802.0,15186552.799999999,0.0,0.0,0
2023-01-31,2258802.0,26479020.05,0.0,0.0,0
2023-02-01,2258802.0,4609375.0,0.0,0.0,0
2023-02-02,2258802.0,27029375.0,0.0,0.0,0
2023-02-03,2258802.0,630213830.65,0.0,0.0,0
2023-02-06,2258802.0,17577126.6,0.0,0.0,0
2023-02-07,2258802.0,67932.6,0.0,0.0,0
2023-02-08,2258802.0,407595.60000000003,0.0,0.0,0
2023-02-09,2258802.0,3171250.0,0.0,0.0,0
2023-02-10,2258802.0,26696343.6,0.0,0.0,0
2023-02-13,2258802.0,202051069.6,0.0,0.0,0
2023-02-14,2258802.0,2087125.0,0.0,0.0,0
2023-02-15,2258802.0,4557292.75,0.0,0.0,0
2023-02-16,2258802.0,1770000.0,0.0,0.0,0
2023-02-17,2258802.0,959027176.1,0.0,0.0,2
2023-02-20,2258802.0,28397136.6,0.0,0.0,0
2023-02-21,2258802.0,22644.2,0.0,0.0,0
2023-02-22,2258802.0,70800.0,0.0,0.0,0
2023-02-23,2258802.0,6214965.6,0.0,0.0,0
2023-02-24,2258802.0,651276220.0,0.0,0.0,0
2023-02-27,2258802.0,69724439.95,0.0,0.0,0
2023-02-28,2258802.0,287157587.25,0.0,0.0,0
2023-03-01,2258802.0,7662625.0,0.0,0.0,0
2023-03-02,2258802.0,1880625.0,0.0,0.0,0
2023-03-03,2258802.0,817508943.15,0.0,0.0,2
2023-03-06,2258802.0,28321380.6,0.0,0.0,0
2023-03-10,2258802.0,865018993.4300001,0.0,0.0,2
2023-03-11,2258802.0,8676858.6,0.0,0.0,0
2023-03-13,2258802.0,28288553.0,0.0,0.0,0
2023-03-15,2258802.0,2765625.0,0.0,0.0,0
2023-03-16,2258802.0,206936806.5,0.0,0.0,0
2023-03-17,2258802.0,766658684.37,0.0,0.0,0
2023-03-20,2258802.0,28346632.6,0.0,0.0,0
2023-03-22,2258802.0,2016384.0,0.0,0.0,0
2023-03-24,2258802.0,744518053.48,0.0,0.0,0
2023-03-27,2258802.0,28339057.0,0.0,0.0,0
2023-03-28,2258802.0,2046904.7,0.0,0.0,0
2023-03-29,2258802.0,182159417.25,0.0,0.0,0
2023-03-30,2258802.0,244848838.18,0.0,0.0,0
2023-03-31,2258802.0,776834463.44,0.0,0.0,0
2023-04-01,2258802.0,26473902.3,0.0,0.0,0
2023-04-06,2258802.0,12177812.4,0.0,0.0,0
2023-04-07,2258802.0,711840620.64,0.0,0.0,0
2023-04-10,2258802.0,4302330.15,0.0,0.0,0
2023-04-11,2258802.0,7763970.0,0.0,0.0,0
2023-04-12,2258802.0,10681832.0,0.0,0.0,0
2023-04-14,2258802.0,651643050.82,0.0,0.0,0
2023-04-21,2258802.0,803924625.97,0.0,0.0,0
2023-04-23,2258802.0,231300.0,0.0,0.0,0
2023-04-24,2258802.0,481875.0,0.0,0.0,0
2023-04-25,2258802.0,885000.0,0.0,0.0,0
2023-04-27,2258802.0,-277073.7799999999,0.0,0.0,0
2023-04-28,2258802.0,883584060.61,0.0,0.0,2
2023-04-30,2258802.0,23828322.26,0.0,0.0,0
2023-05-01,2258802.0,31232568.8,0.0,0.0,0
2023-05-03,2258802.0,1381449.6,0.0,0.0,0
2023-05-04,2258802.0,152231.8,0.0,0.0,0
2023-05-05,2258802.0,766053033.5899999,0.0,0.0,0
2023-05-09,2258802.0,2568240.0,0.0,0.0,0
2023-05-10,2258802.0,767295.0,0.0,0.0,0
2023-05-12,2258802.0,312890447.92,0.0,0.0,0
2023-05-17,2258802.0,2510868.9,0.0,0.0,0
2023-05-18,2258802.0,11103633.600000001,0.0,0.0,0
2023-05-19,2258802.0,611921282.0,0.0,0.0,0
2023-05-22,2258802.0,2498683.2,0.0,0.0,0
2023-05-24,2258802.0,1645283.16,0.0,0.0,0
2023-05-25,2258802.0,9190217.2,0.0,0.0,0
2023-05-26,2258802.0,590264997.5500001,0.0,0.0,0
2023-05-30,2258802.0,6991414.2,0.0,0.0,0
2023-05-31,2258802.0,497858876.55,0.0,0.0,0
2023-06-01,2258802.0,766253253.6800001,0.0,0.0,0
2023-06-02,2258802.0,689771320.7,0.0,0.0,0
2023-06-06,2258802.0,47093.799999999996,0.0,0.0,0
2023-06-07,2258802.0,5273640.0,0.0,0.0,0
2023-06-08,2258802.0,2369745.5999999996,0.0,0.0,0
2023-06-09,2258802.0,752397304.29,0.0,0.0,0
2023-06-12,2258802.0,706750.0,0.0,0.0,0
2023-06-13,2258802.0,9831707.0,0.0,0.0,0
2023-06-14,2258802.0,41027.479999999996,0.0,0.0,0
2023-06-15,2258802.0,3267780.7,0.0,0.0,0
2023-06-16,2258802.0,949154250.4,0.0,0.0,2
2023-06-20,2258802.0,549836.08,0.0,0.0,0
2023-06-21,2258802.0,556769.94,0.0,0.0,0
2023-06-22,2258802.0,5392733.800000001,0.0,0.0,0
2023-06-23,2258802.0,742476898.6899999,0.0,0.0,0
2023-06-25,2258802.0,1684378.0,0.0,0.0,0
2023-06-27,2258802.0,169936.11000000002,0.0,0.0,0
2023-06-28,2258802.0,3021487.3199999994,0.0,0.0,0
2023-06-29,2258802.0,5102992.0,0.0,0.0,0
2023-06-30,2258802.0,922277408.85,0.0,0.0,2
2023-07-01,2258802.0,56333115.0,0.0,0.0,0
2023-07-03,2258802.0,4547358.0,0.0,0.0,0
2023-07-05,2258802.0,225651.13999999998,0.0,0.0,0
2023-07-07,2258802.0,917083754.96,0.0,0.0,2
2023-07-10,2258802.0,7071252.199999999,0.0,0.0,0
2023-07-11,2258802.0,1267431.48,0.0,0.0,0
2023-07-12,2258802.0,4511789.2,0.0,0.0,0
2023-07-13,2258802.0,626519.74,0.0,0.0,0
2023-07-14,2258802.0,962540139.09,0.0,0.0,2
2023-07-17,2258802.0,6118656.0,0.0,0.0,0
2023-07-18,2258802.0,2000367.21,0.0,0.0,0
2023-07-19,2258802.0,3308988.08,0.0,0.0,0
2023-07-21,2258802.0,971007502.67,0.0,0.0,2
2023-07-23,2258802.0,1063900.3299999998,0.0,0.0,0
2023-07-24,2258802.0,4644483.44,0.0,0.0,0
2023-07-25,2258802.0,1542000.0,0.0,0.0,0
2023-07-26,2258802.0,3478392.2,0.0,0.0,0
2023-07-27,2258802.0,1097704837.85,0.0,0.0,2
2023-07-28,2258802.0,1015863588.77,0.0,0.0,2
2023-07-31,2258802.0,38333261.62,0.0,0.0,0
2023-08-01,2258802.0,61703644.0,0.0,0.0,0
2023-08-04,2258802.0,1022301058.41,0.0,0.0,2
2023-08-08,2258802.0,1326427575.03,0.0,0.0,2
2023-08-09,2258802.0,938607.69,0.0,0.0,0
2023-08-11,2258802.0,1864154814.76,0.0,0.0,2
2023-08-14,2258802.0,1542000.0,0.0,0.0,0
2023-08-18,2258802.0,1051039024.57,0.0,0.0,2
2023-08-20,2258802.0,9906322.0,0.0,0.0,0
2023-08-22,2258802.0,2553665.08,0.0,0.0,0
2023-08-23,2258802.0,2582850.0,0.0,0.0,0
2023-08-25,2258802.0,1049824519.67,0.0,0.0,2
2023-08-26,2258802.0,9642228.8,0.0,0.0,0
2023-08-29,2258802.0,3082072.5,0.0,0.0,0
2023-08-30,2258802.0,1511787.08,0.0,0.0,0
2023-08-31,2258802.0,36209362.22,0.0,0.0,0
2023-09-01,2258802.0,1214152506.74,0.0,0.0,2
2023-09-03,2258802.0,9958852.8,0.0,0.0,0
2023-09-05,2258802.0,49777453.63,0.0,0.0,0
2023-09-06,2258802.0,767114.16,0.0,0.0,0
2023-09-08,2258802.0,1054814824.88,0.0,0.0,2
2023-09-09,2258802.0,41027.479999999996,0.0,0.0,0
2023-09-12,2258802.0,16353228.68,0.0,0.0,0
2023-09-15,2258802.0,1160999463.48,0.0,0.0,2
2023-09-16,2258802.0,1279860.0,0.0,0.0,0
2023-09-17,2258802.0,11789271.05,0.0,0.0,0
2023-09-18,2258802.0,2094814.71,0.0,0.0,0
2023-09-19,2258802.0,1387491.6,0.0,0.0,0
2023-09-20,2258802.0,853252.85,0.0,0.0,0
2023-09-21,2258802.0,256421.75,0.0,0.0,0
2023-09-22,2258802.0,1250187196.34,0.0,0.0,2
2023-09-24,2258802.0,12472929.600000001,0.0,0.0,0
2023-09-26,2258802.0,258834.98,0.0,0.0,0
2023-09-27,2258802.0,4830209.63,0.0,0.0,0
2023-09-28,2258802.0,3688250.69,0.0,0.0,0
2023-09-29,2258802.0,1419498716.67,0.0,0.0,2
2023-09-30,2258802.0,17975847.01,0.0,0.0,0
2023-10-01,2258802.0,211266397.68,0.0,0.0,0
2023-10-02,2258802.0,1998817.5,0.0,0.0,0
2023-10-03,2258802.0,2627940.65,0.0,0.0,0
2023-10-04,2258802.0,4625557.96,0.0,0.0,0
2023-10-05,2258802.0,7857207.03,0.0,0.0,0
2023-10-06,2258802.0,2989847091.39,0.0,0.0,2
2023-10-08,2258802.0,13596944.8,0.0,0.0,0
2023-10-09,2258802.0,12278514.24,0.0,0.0,0
2023-10-10,2258802.0,12013891.620000001,0.0,0.0,0
2023-10-11,2258802.0,1716366.79,0.0,0.0,0
2023-10-12,2258802.0,2825272.96,0.0,0.0,0
2023-10-13,2258802.0,1299146161.51,0.0,0.0,2
2023-10-15,2258802.0,13248113.56,0.0,0.0,0
2023-10-16,2258802.0,31000419.4,0.0,0.0,0
2023-10-18,2258802.0,2958378.4,0.0,0.0,0
2023-10-19,2258802.0,2792908.9499999997,0.0,0.0,0
2023-10-20,2258802.0,1493784995.86,0.0,0.0,2
2023-10-22,2258802.0,20732436.720000003,0.0,0.0,0
2023-10-23,2258802.0,1777798183.6200001,0.0,0.0,2
2023-10-24,2258802.0,2071599.9,0.0,0.0,0
2023-10-26,2258802.0,1344562.32,0.0,0.0,0
2023-10-27,2258802.0,1688718061.8,0.0,0.0,2
2023-10-28,2258802.0,2658022.5,0.0,0.0,0
2023-10-29,2258802.0,19606982.32,0.0,0.0,0
2023-10-30,2258802.0,-3347872.1799999997,0.0,0.0,0
2023-10-31,2258802.0,33448555.14,0.0,0.0,0
2023-11-01,2258802.0,50635296.5,0.0,0.0,0
2023-11-02,2258802.0,1996890.0,0.0,0.0,0
2023-11-03,2258802.0,1633590333.34,0.0,0.0,2
2023-11-05,2258802.0,18494511.56,0.0,0.0,0
2023-11-06,2258802.0,983025.0,0.0,0.0,0
2023-11-07,2258802.0,2807545.0999999996,0.0,0.0,0
2023-11-08,2258802.0,1542000.0,0.0,0.0,0
2023-11-09,2258802.0,10450560.62,0.0,0.0,0
2023-11-10,2258802.0,1609406702.73,0.0,0.0,2
2023-11-12,2258802.0,20109060.09,0.0,0.0,0
2023-11-14,2258802.0,1542000.0,0.0,0.0,0
2023-11-15,2258802.0,4651371.04,0.0,0.0,0
2023-11-17,2258802.0,1611502591.7,0.0,0.0,2
2023-11-19,2258802.0,22637140.82,0.0,0.0,0
2023-11-21,2258802.0,8605686.12,0.0,0.0,0
2023-11-22,2258802.0,7645138.34,0.0,0.0,0
2023-11-24,2258802.0,1580453519.63,0.0,0.0,2
2023-11-26,2258802.0,18665786.64,0.0,0.0,0
2023-11-27,2258802.0,819830.0,0.0,0.0,0
2023-11-28,2258802.0,2920344.97,0.0,0.0,0
2023-11-29,2258802.0,9484338.28,0.0,0.0,0
2023-11-30,2258802.0,91327448.03999999,0.0,0.0,0
2023-12-01,2258802.0,1927886715.61,0.0,0.0,2
2023-12-03,2258802.0,26481729.75,0.0,0.0,0
2023-12-04,2258802.0,11646746.56,0.0,0.0,0
2023-12-05,2258802.0,1238536.97,0.0,0.0,0
2023-12-06,2258802.0,4112514.0,0.0,0.0,0
2023-12-07,2258802.0,7963360.88,0.0,0.0,0
2023-12-08,2258802.0,1642081942.3,0.0,0.0,2
2023-12-09,2258802.0,244599.75,0.0,0.0,0
2023-12-10,2258802.0,25917375.740000002,0.0,0.0,0
2023-12-11,2258802.0,3234281785.71,0.0,0.0,2
2023-12-12,2258802.0,1716760.0,0.0,0.0,0
2023-12-13,2258802.0,5151539.3,0.0,0.0,0
2023-12-14,2258802.0,3618557.43,0.0,0.0,0
2023-12-15,2258802.0,1642953598.92,0.0,0.0,2
2023-12-17,2258802.0,26367562.64,0.0,0.0,0
2023-12-18,2258802.0,105884.0,0.0,0.0,0
2023-12-19,2258802.0,2605057.37,0.0,0.0,0
2023-12-20,2258802.0,482810.4800000436,0.0,0.0,0
2023-12-21,2258802.0,15082129.81,0.0,0.0,0
2023-12-22,2258802.0,1568741366.57,0.0,0.0,2
2023-12-24,2258802.0,24361847.259999998,0.0,0.0,0
2023-12-26,2258802.0,6890313.92,0.0,0.0,0
2023-12-27,2258802.0,19257025.419999998,0.0,0.0,0
2023-12-28,2258802.0,646663.4000000029,0.0,0.0,0
2023-12-29,2258802.0,1569681128.19,0.0,0.0,2
2023-12-30,2258802.0,824456.0,0.0,0.0,0
2023-12-31,2258802.0,275110268.29,0.0,0.0,0
2024-01-01,2258802.0,146228888.0,0.0,0.0,0
2024-01-02,2258802.0,1813135.0,0.0,0.0,0
2024-01-03,2258802.0,1694855679.26,0.0,0.0,2
2024-01-04,2258802.0,39003533.04,0.0,0.0,0
2024-01-05,2258802.0,1616798372.25,0.0,0.0,2
2024-01-07,2258802.0,24149817.119999997,0.0,0.0,0
2024-01-09,2258802.0,410274.80000000005,0.0,0.0,0
2024-01-10,2258802.0,1087220.51,0.0,0.0,0
2024-01-12,2258802.0,1617749747.7,0.0,0.0,2
2024-01-14,2258802.0,29171735.9,0.0,0.0,0
2024-01-16,2258802.0,16124323.92,0.0,0.0,0
2024-01-17,2258802.0,174366.79,0.0,0.0,0
2024-01-18,2258802.0,109949.74,0.0,0.0,0
2024-01-19,2258802.0,1696860762.42,0.0,0.0,2
2024-01-21,2258802.0,28692076.240000002,0.0,0.0,0
2024-01-22,2258802.0,56252216.54,0.0,0.0,0
2024-01-23,2258802.0,77747557.76,0.0,0.0,0
2024-01-24,2258802.0,1400475.24,0.0,0.0,0
2024-01-26,2258802.0,1694353619.48,0.0,0.0,2
2024-01-28,2258802.0,29866823.240000002,0.0,0.0,0
2024-01-29,2258802.0,4555011.46,0.0,0.0,0
2024-01-30,2258802.0,2242237.62,0.0,0.0,0
2024-01-31,2258802.0,238260050.86999997,0.0,0.0,0
2024-02-01,2258802.0,135374194.88,0.0,0.0,0
2024-02-02,2258802.0,1868003590.22,0.0,0.0,2
2024-02-05,2258802.0,12720533.68,0.0,0.0,0
2024-02-07,2258802.0,3873226049.3599997,0.0,0.0,2
2024-02-08,2258802.0,1849706.1,0.0,0.0,0
2024-02-09,2258802.0,1647015550.74,0.0,0.0,2
2024-02-11,2258802.0,29171278.44,0.0,0.0,0
2024-02-12,2258802.0,214518748.10000002,0.0,0.0,0
2024-02-13,2258802.0,4710596.6899999995,0.0,0.0,0
2024-02-14,2258802.0,196514947.20000002,0.0,0.0,0
2024-02-16,2258802.0,2097631458.27,0.0,0.0,2
2024-02-18,2258802.0,25368536.82,0.0,0.0,0
2024-02-19,2258802.0,8698591.62,0.0,0.0,0
2024-02-20,2258802.0,1542000.0,0.0,0.0,0
2024-02-22,2258802.0,62267221.87,0.0,0.0,0
2024-02-23,2258802.0,2181773947.03,0.0,0.0,2
2024-02-25,2258802.0,23277446.04,0.0,0.0,0
2024-02-26,2258802.0,578653384.63,0.0,0.0,0
2024-02-27,2258802.0,11438042.0,0.0,0.0,0
2024-02-28,2258802.0,815836.22,0.0,0.0,0
2024-02-29,2258802.0,66902926.190000005,0.0,0.0,0
2024-03-01,2258802.0,1558799041.44,0.0,0.0,2
2024-03-03,2258802.0,23688157.740000002,0.0,0.0,0
2024-03-04,2258802.0,801770.61,0.0,0.0,0
2024-03-07,2258802.0,1076583.28,0.0,0.0,0
2024-03-08,2258802.0,1512539118.54,0.0,0.0,2
2024-03-10,2258802.0,22560888.919999998,0.0,0.0,0
2024-03-13,2258802.0,1542000.0,0.0,0.0,0
2024-03-14,2258802.0,170689.12,0.0,0.0,0
2024-03-15,2258802.0,1516046672.53,0.0,0.0,2
2024-03-17,2258802.0,20447495.68,0.0,0.0,0
2024-03-18,2258802.0,20881442.749999996,0.0,0.0,0
2024-03-19,2258802.0,10341960.129999999,0.0,0.0,0
2024-03-21,2258802.0,5659561.4799999995,0.0,0.0,0
2024-03-22,2258802.0,1418275571.43,0.0,0.0,2
2024-03-24,2258802.0,19974882.96,0.0,0.0,0
2024-03-25,2258802.0,215880.0,0.0,0.0,0
2024-03-26,2258802.0,1163707040.72,0.0,0.0,2
2024-03-27,2258802.0,786766.95,0.0,0.0,0
2024-03-28,2258802.0,47212593.63,0.0,0.0,0
2024-03-29,2258802.0,1474567286.3,0.0,0.0,2
2024-03-30,2258802.0,1713676.0,0.0,0.0,0
2024-03-31,2258802.0,89571752.53999999,0.0,0.0,0
2024-04-01,2258802.0,574329657.75,0.0,0.0,0
2024-04-02,2258802.0,1840705.96,0.0,0.0,0
2024-04-03,2258802.0,151112180.98,0.0,0.0,0
2024-04-04,2258802.0,38950200.400000006,0.0,0.0,0
2024-04-05,2258802.0,1446250928.64,0.0,0.0,2
2024-04-07,2258802.0,20733690.88,0.0,0.0,0
2024-04-09,2258802.0,3559739937.12,0.0,0.0,2
2024-04-11,2258802.0,-751167.3099999999,0.0,0.0,0
2024-04-12,2258802.0,1405317053.18,0.0,0.0,2
2024-04-14,2258802.0,18194710.779999997,0.0,0.0,0
2024-04-16,2258802.0,1542000.0,0.0,0.0,0
2024-04-17,2258802.0,152750882.37,0.0,0.0,0
2024-04-19,2258802.0,1365779335.3600001,0.0,0.0,2
2024-04-21,2258802.0,11779533.32,0.0,0.0,0
2024-04-23,2258802.0,1542000.0,0.0,0.0,0
2024-04-24,2258802.0,2433479.03,0.0,0.0,0
2024-04-25,2258802.0,425499968.3,0.0,0.0,0
2024-04-26,2258802.0,1251939962.04,0.0,0.0,2
2024-04-28,2258802.0,14308588.08,0.0,0.0,0
2024-04-30,2258802.0,81784323.58,0.0,0.0,0
2024-05-01,2258802.0,438917678.73,0.0,0.0,0
2024-05-02,2258802.0,1968440.1,0.0,0.0,0
2024-05-03,2258802.0,1194558371.85,0.0,0.0,2
2024-05-05,2258802.0,13736768.22,0.0,0.0,0
2024-05-07,2258802.0,2021492.6099999999,0.0,0.0,0
2024-05-08,2258802.0,2398322977.14,0.0,0.0,2
2024-05-09,2258802.0,171887875.93999997,0.0,0.0,0
2024-05-10,2258802.0,1598830366.31,0.0,0.0,2
2024-05-11,2258802.0,292896647.19,0.0,0.0,0
2024-05-12,2258802.0,12383802.0,0.0,0.0,0
2024-05-13,2258802.0,0.0,0.0,0.0,0
2024-05-14,2258802.0,3204790.0,0.0,0.0,0
2024-05-15,2258802.0,137069662.43,0.0,0.0,0
2024-05-16,2258802.0,269325.72000000003,0.0,0.0,0
2024-05-17,2258802.0,1147926410.6100001,0.0,0.0,2
2024-05-19,2258802.0,14163424.2,0.0,0.0,0
2024-05-20,2199414.0,0.0,0.0,0.0,0
2024-05-21,2199414.0,128511819.42999999,0.0,0.0,0
2024-05-23,2199414.0,329016.54,0.0,0.0,0
2024-05-24,2199414.0,1041652135.5500001,0.0,0.0,2
2024-05-28,2199414.0,258961681.0,0.0,0.0,0
2024-05-29,2199414.0,126568866.02000001,0.0,0.0,0
2024-05-31,2199414.0,1065117296.96,0.0,0.0,2
2024-06-01,2199414.0,4905616.0,0.0,0.0,0
2024-06-02,2075934.0,0.0,0.0,0.0,0
2024-06-03,2075934.0,2077208886.45,0.0,0.0,2
2024-06-05,2075934.0,115325229.1,0.0,0.0,0
2024-06-06,2075934.0,1321918.05,0.0,0.0,0
2024-06-07,2075934.0,1143497136.4,0.0,0.0,2
2024-06-10,2075934.0,10493574.709999999,0.0,0.0,0
2024-06-12,2075934.0,36311332.10999999,0.0,0.0,0
2024-06-13,2075934.0,3610546.740000076,0.0,0.0,0
2024-06-14,2075934.0,1004440545.2900001,0.0,0.0,2
2024-06-16,1932756.0,0.0,0.0,0.0,0
2024-06-17,1932756.0,1321900751.33,0.0,0.0,2
2024-06-20,1932756.0,78981.24,0.0,0.0,0
2024-06-21,1932756.0,984012918.28,0.0,0.0,2
2024-06-24,1932756.0,300703466.8,0.0,0.0,0
2024-06-25,1932756.0,1171328.9000000001,0.0,0.0,0
2024-06-26,1932756.0,88230.67,0.0,0.0,0
2024-06-27,1932756.0,462086.0,0.0,0.0,0
2024-06-28,1932756.0,869712548.64,0.0,0.0,2
2024-06-30,1770762.0,65620876.55,0.0,0.0,0
2024-07-01,1770762.0,355386847.4,0.0,0.0,1
2024-07-02,1770762.0,74676.49,0.0,0.0,0
2024-07-03,1770762.0,235240241.76000002,0.0,0.0,1
2024-07-04,1770762.0,1109479.28,0.0,0.0,0
2024-07-05,1770762.0,854261037.87,0.0,0.0,2
2024-07-08,1770762.0,106432540.80000001,0.0,0.0,0
2024-07-10,1770762.0,7784093.1,0.0,0.0,0
2024-07-11,1770762.0,67013703.47,0.0,0.0,0
2024-07-12,1770762.0,921879238.75,0.0,0.0,2
2024-07-14,1681386.0,0.0,0.0,0.0,1
2024-07-15,1681386.0,1389661520.39,0.0,0.0,2
2024-07-16,1681386.0,106680.70000000001,0.0,0.0,1
2024-07-17,1681386.0,91365813.0,0.0,0.0,1
2024-07-19,1681386.0,799572188.3100001,0.0,0.0,1
2024-07-22,1681386.0,203183064.06,0.0,0.0,1
2024-07-25,1681386.0,84482494.62000003,0.0,0.0,1
2024-07-26,1681386.0,785497339.16,0.0,0.0,1
2024-07-28,1644342.0,0.0,0.0,0.0,1
2024-07-30,1644342.0,4966936.199999999,0.0,0.0,1
2024-07-31,1644342.0,288882101.5899999,0.0,0.0,1
2024-08-01,1644342.0,412573058.48000014,0.0,0.0,1
2024-08-02,1644342.0,845841964.59,0.0,0.0,1
2024-08-03,1644342.0,213361.40000000002,0.0,0.0,1
2024-08-04,1644342.0,256033.68,0.0,0.0,1
2024-08-06,1644342.0,7843742.800000001,0.0,0.0,1
2024-08-07,1644342.0,106179904.66,0.0,0.0,1
2024-08-09,1644342.0,784705941.07,0.0,0.0,1
2024-08-10,1644342.0,93064.84,0.0,0.0,1
2024-08-11,1636992.0,0.0,0.0,0.0,1
2024-08-12,1636992.0,6481026.0,0.0,0.0,1
2024-08-13,1636992.0,189997429.77,0.0,0.0,1
2024-08-16,1636992.0,929294089.67,0.0,0.0,1
2024-08-19,1636992.0,88739159.92,0.0,0.0,1
2024-08-22,1636992.0,23830340.419999998,0.0,0.0,1
2024-08-23,1636992.0,787043528.26,0.0,0.0,1
2024-08-25,1599066.0,0.0,0.0,0.0,1
2024-08-26,1599066.0,39231923.8,0.0,0.0,1
2024-08-27,1599066.0,289042174.04,0.0,0.0,1
2024-08-30,1599066.0,781781245.0899999,0.0,0.0,1
2024-08-31,1599066.0,65617463.589999996,0.0,0.0,1
2024-09-01,1599066.0,118795680.0,0.0,0.0,1
2024-09-03,1599066.0,79466970.0,0.0,0.0,1
2024-09-04,1599066.0,5896996.069999999,0.0,0.0,1
2024-09-05,1599066.0,117894938.69,0.0,0.0,1
2024-09-06,1599066.0,833068725.35,0.0,0.0,1
2024-09-08,1597890.0,0.0,0.0,0.0,1
2024-09-09,1597890.0,6355198.800000001,0.0,0.0,1
2024-09-10,1597890.0,111011147.42999999,0.0,0.0,1
2024-09-13,1597890.0,877355859.71,0.0,0.0,1
2024-09-16,1597890.0,5912028.0,0.0,0.0,1
2024-09-18,1597890.0,77204437.09,0.0,0.0,1
2024-09-20,1597890.0,5847892799.33,0.0,0.0,2
2024-09-22,1582602.0,0.0,0.0,0.0,1
2024-09-23,1582602.0,5703277.180000001,0.0,0.0,1
2024-09-24,1582602.0,377582025.32,0.0,0.0,1
2024-09-26,1582602.0,66428583.86,0.0,0.0,1
2024-09-27,1582602.0,915426688.35,0.0,0.0,1
2024-09-30,1582602.0,66675748.47,0.0,0.0,1
2024-10-01,1582602.0,110867366.21000001,0.0,0.0,1
2024-10-02,1582602.0,74676.49,0.0,0.0,1
2024-10-03,1582602.0,771603.95,0.0,0.0,1
2024-10-04,1582602.0,852969355.87,0.0,0.0,1
2024-10-06,1535268.0,0.0,0.0,0.0,1
2024-10-07,1535268.0,18973284.57,0.0,0.0,1
2024-10-08,1535268.0,33410891.79,0.0,0.0,1
2024-10-09,1535268.0,268680022.92,0.0,0.0,1
2024-10-10,1535268.0,43947.0,0.0,0.0,1
2024-10-11,1535268.0,592658532.8100001,0.0,0.0,1
2024-10-14,1535268.0,3791238.3,0.0,0.0,1
2024-10-16,1535268.0,35757006.24,0.0,0.0,1
2024-10-18,1535268.0,572615771.01,0.0,0.0,1
2024-10-20,1466766.0,0.0,0.0,0.0,1
2024-10-21,1466766.0,3897497.52,0.0,0.0,1
2024-10-22,1466766.0,197417006.92,0.0,0.0,1
2024-10-23,1466766.0,1780157171.1999998,0.0,0.0,2
2024-10-24,1466766.0,281404126.33000004,0.0,0.0,1
2024-10-25,1466766.0,556122307.71,0.0,0.0,1
2024-10-26,1466766.0,8460440.0,0.0,0.0,1
2024-10-28,1466766.0,3995481.3400000003,0.0,0.0,1
2024-10-30,1466766.0,19587856.38,0.0,0.0,1
2024-10-31,1466766.0,100128767.7,0.0,0.0,1
2024-11-01,1466766.0,627657049.8100001,0.0,0.0,1
2024-11-03,1425312.0,0.0,0.0,0.0,1
2024-11-04,1425312.0,4108443.12,0.0,0.0,1
2024-11-05,1425312.0,92203435.11,0.0,0.0,1
2024-11-08,1425312.0,434328481.13,0.0,0.0,1
2024-11-11,1425312.0,3140699.3400000003,0.0,0.0,1
2024-11-13,1425312.0,21425244.470000003,0.0,0.0,1
2024-11-15,1425312.0,898936928.42,0.0,0.0,1
2024-11-17,1180410.0,0.0,0.0,0.0,1
2024-11-18,1180410.0,2196600004.6099997,0.0,0.0,2
2024-11-20,1180410.0,0.0,0.0,0.0,1
2024-11-21,1180410.0,36394245.449999996,0.0,0.0,1
2024-11-22,1180410.0,397015548.06,0.0,0.0,1
2024-11-25,1180410.0,26677831.029999997,0.0,0.0,1
2024-11-26,1180410.0,84429357.3,0.0,0.0,1
2024-11-27,1180410.0,225929882.2,0.0,0.0,1
2024-11-29,1180410.0,301573303.86,0.0,0.0,1
2024-11-30,1180410.0,52544937.57,0.0,0.0,1
2024-12-01,959322.0,1387800.0,0.0,0.0,1
2024-12-02,959322.0,1384561.7999999998,0.0,0.0,1
2024-12-03,959322.0,123651738.69,0.0,0.0,1
2024-12-06,959322.0,320255756.95,0.0,0.0,1
2024-12-09,959322.0,1463730.65,0.0,0.0,1
2024-12-11,959322.0,77668895.2,0.0,0.0,1
2024-12-12,959322.0,352660.54,0.0,0.0,1
2024-12-13,959322.0,192758324.23,0.0,0.0,1
2024-12-15,721770.0,0.0,0.0,0.0,1
2024-12-16,721770.0,97738559.76,0.0,0.0,1
2024-12-18,721770.0,844856.66,0.0,0.0,1
2024-12-19,721770.0,860487.4000000029,0.0,0.0,1
2024-12-20,721770.0,1320306734.53,0.0,0.0,1
2024-12-23,721770.0,28677560.88,0.0,0.0,1
2024-12-26,721770.0,20769614.340000004,0.0,0.0,1
2024-12-27,721770.0,304949726.17,0.0,0.0,1
2024-12-29,351918.0,0.0,0.0,0.0,1
2024-12-30,351918.0,105501514.61,0.0,0.0,1
2024-12-31,356034.0,53330427.229999974,0.0,0.0,1
2025-01-01,356034.0,1387800.0,0.0,0.0,1
2025-01-06,356034.0,96952823.38000001,0.0,0.0,1
2025-01-10,356034.0,774060502.49,0.0,0.0,1
2025-01-11,356034.0,146235821.85999998,0.0,0.0,1
2025-01-14,356034.0,16644800.32,0.0,0.0,1
2025-01-15,356034.0,278489301.72,0.0,0.0,1
2025-01-16,356034.0,21281591.75,0.0,0.0,1
2025-01-17,356034.0,83366711.13,0.0,0.0,1
2025-01-27,356034.0,39578000.0,0.0,0.0,1
2025-01-28,356034.0,34942850.800000004,0.0,0.0,1
2025-04-02,356034.0,209842214.19,0.0,0.0,1
2025-04-24,356034.0,64250.0,0.0,0.0,1
