date,total_spend
2022-09-10,4957369.260000001
2022-09-12,1316720.0
2022-09-14,2778886.22
2022-09-16,41364586.66
2022-09-22,704710.96
2022-09-23,92147336.26
2022-09-27,5115928.32
2022-09-30,131054413.02
2022-10-01,2932036.46
2022-10-03,1591540.0
2022-10-04,5805729.54
2022-10-05,27747760.0
2022-10-06,5237749.08
2022-10-07,171872243.78
2022-10-11,73386.0
2022-10-12,417119.38
2022-10-13,118429.3
2022-10-14,150360131.46
2022-10-17,18603.2
2022-10-18,744430.0
2022-10-19,2596330.24
2022-10-21,201304783.26
2022-10-22,34373.64
2022-10-24,3136155.24
2022-10-25,220638.18000000002
2022-10-28,254592175.89999998
2022-10-31,14931930.959999999
2022-11-01,1275950.0
2022-11-02,996805.36
2022-11-03,18283605.48
2022-11-04,14358590.0
2022-11-11,234431120.98
2022-11-15,598467.36
2022-11-16,4972436.04
2022-11-17,11512085.98
2022-11-18,295661712.28000003
2022-11-21,871626.36
2022-11-22,11098409.399999999
2022-11-25,215492374.82000002
2022-11-29,7580200.0
2022-11-30,17620739.64
2022-12-01,29347284.88
2022-12-02,248528432.66
2022-12-04,5034216.18
2022-12-05,718627.12
2022-12-06,3019740.28
2022-12-07,479739.08
2022-12-08,3573233.8
2022-12-09,268681221.84000003
2022-12-10,14770.82
2022-12-13,785489.92
2022-12-15,362094.98
2022-12-16,274051751.26
2022-12-19,4795760.0
2022-12-21,29505.399999999125
2022-12-22,4710849.679999999
2022-12-23,262532423.32000002
2022-12-27,1698750.0
2022-12-28,6040000.0
2022-12-29,154960645.44
2022-12-30,252192702.5
2022-12-31,198122229.35999998
2023-01-01,3559070.0
2023-01-04,16942616.759999998
2023-01-05,6457167.699999999
2023-01-06,287695879.42
2023-01-07,1019986.88
2023-01-09,6976344.96
2023-01-10,28306635.16
2023-01-11,1792421.34
2023-01-12,73084.0
2023-01-13,352507762.96
2023-01-16,1615700.0
2023-01-18,1698750.0
2023-01-20,344604073.18
2023-01-21,3110600.0
2023-01-23,8893145.0
2023-01-25,18729919.200000003
2023-01-27,843080220.72
2023-01-30,15546911.68
2023-01-31,27107335.78
2023-02-01,4718750.0
2023-02-02,27670750.0
2023-02-03,645168057.14
2023-02-06,17994210.96
2023-02-07,69544.56
2023-02-08,417267.36000000004
2023-02-09,3246500.0
2023-02-10,27329816.16
2023-02-13,206845501.76
2023-02-14,2136650.0
2023-02-15,4665431.9
2023-02-16,1812000.0
2023-02-17,981783753.16
2023-02-20,29070966.96
2023-02-21,23181.52
2023-02-22,72480.0
2023-02-23,6362439.36
2023-02-24,666730232.0
2023-02-27,71384261.53999999
2023-02-28,293971496.1
2023-03-01,7844450.0
2023-03-02,1925250.0
2023-03-03,836941878.14
2023-03-06,28993413.36
2023-03-10,886777378.12
2023-03-11,8882750.16
2023-03-13,28959806.8
2023-03-15,2831250.0
2023-03-16,211847171.39999998
2023-03-17,787537566.24
2023-03-20,29019264.56
2023-03-22,2064230.4
2023-03-24,764792208.92
2023-03-27,29011509.2
2023-03-28,2095475.32
2023-03-29,186481844.1
2023-03-30,250667738.96
2023-03-31,797742141.0
2023-04-01,27135233.88
2023-04-06,12466777.44
2023-04-07,730898085.08
2023-04-10,4404419.34
2023-04-11,7975440.0
2023-04-12,10935299.2
2023-04-14,669352576.64
2023-04-21,825294902.24
2023-04-23,237600.0
2023-04-24,495000.0
2023-04-25,906000.0
2023-04-27,-281633.1599999999
2023-04-28,906456320.02
2023-04-30,24475081.1
2023-05-01,32065811.28
2023-05-03,1414229.76
2023-05-04,155844.08
2023-05-05,786777085.68
2023-05-09,2634880.0
2023-05-10,785502.0
2023-05-12,321412755.84
2023-05-17,2570448.84
2023-05-18,11406067.200000001
2023-05-19,628351924.62
2023-05-22,2562055.6
2023-05-24,1690096.32
2023-05-25,9440534.4
2023-05-26,606302747.6
2023-05-30,7171333.5200000005
2023-05-31,509765938.5
2023-06-01,784640390.5600001
2023-06-02,708558866.4
2023-06-06,48211.28
2023-06-07,5417280.0
2023-06-08,2434291.1999999997
2023-06-09,772890616.08
2023-06-12,726000.0
2023-06-13,10088334.0
2023-06-14,42144.96
2023-06-15,3356786.4
2023-06-16,975006700.8000001
2023-06-20,564812.16
2023-06-21,571934.88
2023-06-22,5539617.600000001
2023-06-23,762700004.88
2023-06-25,1730256.0
2023-06-27,174564.72
2023-06-28,3103784.6399999997
2023-06-29,5241984.0
2023-06-30,947397805.2
2023-07-01,57867480.0
2023-07-03,4671216.0
2023-07-05,231797.28
2023-07-07,942062689.92
2023-07-10,7263854.399999999
2023-07-11,1301952.96
2023-07-12,4634678.4
2023-07-13,643584.4800000001
2023-07-14,988757185.68
2023-07-17,6285312.0
2023-07-18,2054851.92
2023-07-19,3399116.1599999997
2023-07-21,997455177.84
2023-07-23,1092878.16
2023-07-24,4770986.88
2023-07-25,1584000.0
2023-07-26,3573134.4
2023-07-27,1127603413.2
2023-07-28,1043533025.04
2023-07-31,39377358.24
2023-08-01,63384288.0
2023-08-04,1050145834.32
2023-08-08,1362555952.56
2023-08-09,964172.8799999999
2023-08-11,1914929459.52
2023-08-14,1584000.0
2023-08-18,1079666546.64
2023-08-20,10176144.0
2023-08-22,2623220.1599999997
2023-08-23,2653200.0
2023-08-25,1078418961.84
2023-08-26,9904857.6
2023-08-29,3166020.0
2023-08-30,1552964.16
2023-08-31,37195609.44
2023-09-01,1247222808.48
2023-09-03,10230105.6
2023-09-05,51133259.760000005
2023-09-06,788008.32
2023-09-08,1083545189.76
2023-09-09,42144.96
2023-09-12,16798647.36
2023-09-15,1192622016.96
2023-09-16,1314720.0
2023-09-17,12110379.6
2023-09-18,2151871.92
2023-09-19,1425283.2
2023-09-20,876493.2
2023-09-21,263406.0
2023-09-22,1284238987.68
2023-09-24,12812659.200000001
2023-09-26,265884.96
2023-09-27,4961771.76
2023-09-28,3788708.88
2023-09-29,1458162105.84
2023-09-30,18465461.52
2023-10-01,217020735.35999998
2023-10-02,2053260.0
2023-10-03,2699518.8
2023-10-04,4751545.92
2023-10-05,8071216.5600000005
2023-10-06,3071282615.28
2023-10-08,13967289.6
2023-10-09,12612948.48
2023-10-10,12341118.24
2023-10-11,1763116.08
2023-10-12,2902225.9200000004
2023-10-13,1334531465.52
2023-10-15,13608957.120000001
2023-10-16,31844788.8
2023-10-18,3038956.8
2023-10-19,2868980.4
2023-10-20,1534471746.72
2023-10-22,21297133.44
2023-10-23,1826220702.24
2023-10-24,2128024.8
2023-10-26,1381184.6400000001
2023-10-27,1734714273.6000001
2023-10-28,2730420.0
2023-10-29,20141024.639999997
2023-10-30,-3439059.3599999994
2023-10-31,34359605.28
2023-11-01,52014468.0
2023-11-02,2051280.0
2023-11-03,1678085011.68
2023-11-05,18998253.12
2023-11-06,1009800.0
2023-11-07,2884015.1999999997
2023-11-08,1584000.0
2023-11-09,10735206.24
2023-11-10,1653242682.96
2023-11-12,20656777.68
2023-11-14,1584000.0
2023-11-15,4778062.08
2023-11-17,1655395658.3999999
2023-11-19,23253716.639999997
2023-11-21,8840082.24
2023-11-22,7853371.68
2023-11-24,1623500891.76
2023-11-26,19174193.28
2023-11-27,842160.0
2023-11-28,2999887.44
2023-11-29,9742666.559999999
2023-11-30,93814966.08
2023-12-01,1980397248.72
2023-12-03,27203022.0
2023-12-04,11963973.120000001
2023-12-05,1272271.44
2023-12-06,4224528.0
2023-12-07,8180261.76
2023-12-08,1686807909.6
2023-12-09,251262.0
2023-12-10,26623296.48
2023-12-11,3322375063.9199996
2023-12-12,1763520.0
2023-12-13,5291853.6
2023-12-14,3717117.36
2023-12-15,1687703307.84
2023-12-17,27085745.28
2023-12-18,108768.0
2023-12-19,2676012.2399999998
2023-12-20,495960.96000004775
2023-12-21,15492927.120000001
2023-12-22,1611469730.64
2023-12-24,25025399.52
2023-12-26,7077987.840000001
2023-12-27,19781535.84
2023-12-28,664276.8000000031
2023-12-29,1612435088.8799999
2023-12-30,846912.0
2023-12-31,282603544.08
2024-01-01,150211776.0
2024-01-02,1862520.0
2024-01-03,1741019063.52
2024-01-04,40065886.08
2024-01-05,1660835682.0
2024-01-07,24807594.24
2024-01-09,421449.60000000003
2024-01-10,1116833.52
2024-01-12,1661812970.3999999
2024-01-14,29966296.8
2024-01-16,16563507.84
2024-01-17,179116.08000000002
2024-01-18,112944.48
2024-01-19,1743078759.84
2024-01-21,29473572.48
2024-01-22,57784378.08
2024-01-23,79865195.52
2024-01-24,1438620.48
2024-01-26,1740503328.96
2024-01-28,30680316.48
2024-01-29,4679077.92
2024-01-30,2303310.2399999998
2024-01-31,244749624.23999998
2024-02-01,139061429.76000002
2024-02-02,1918883065.44
2024-02-05,13067007.36
2024-02-07,3978722478.72
2024-02-08,1900087.2
2024-02-09,1691875896.48
2024-02-11,29965826.88
2024-02-12,220361671.20000002
2024-02-13,4838900.88
2024-02-14,201867494.40000004
2024-02-16,2154765389.04
2024-02-18,26059508.639999997
2024-02-19,8935518.24
2024-02-20,1584000.0
2024-02-22,63963216.24
2024-02-23,2241199696.56
2024-02-25,23911462.080000002
2024-02-26,594414371.76
2024-02-27,11749584.0
2024-02-28,838057.4400000001
2024-02-29,68725184.88000001
2024-03-01,1601256602.8799999
2024-03-03,24333360.48
2024-03-04,823608.72
2024-03-07,1105906.56
2024-03-08,1553736682.08
2024-03-10,23175387.84
2024-03-13,1584000.0
2024-03-14,175338.24
2024-03-15,1557339772.56
2024-03-17,21004431.360000003
2024-03-18,21450197.999999996
2024-03-19,10623647.76
2024-03-21,5813712.96
2024-03-22,1456905645.3600001
2024-03-24,20518945.919999998
2024-03-25,221760.0
2024-03-26,1195403341.44
2024-03-27,808196.4
2024-03-28,48498539.76
2024-03-29,1514730597.6
2024-03-30,1760352.0
2024-03-31,92011450.08
2024-04-01,589972878.0
2024-04-02,1890841.92
2024-04-03,155228076.96
2024-04-04,40011100.800000004
2024-04-05,1485642977.28
2024-04-07,21298421.759999998
2024-04-09,3656697834.2400002
2024-04-11,-771627.12
2024-04-12,1443594171.3600001
2024-04-14,18690286.56
2024-04-16,1584000.0
2024-04-17,156911412.24
2024-04-19,1402979550.72
2024-04-21,12100376.64
2024-04-23,1584000.0
2024-04-24,2499760.56
2024-04-25,437089461.6
2024-04-26,1286039494.08
2024-04-28,14698316.16
2024-04-30,84011912.16
2024-05-01,450872634.96
2024-05-02,2022055.2
2024-05-03,1227094981.2
2024-05-05,14110921.44
2024-05-07,2076552.72
2024-05-08,2463646949.2799997
2024-05-09,176569646.88
2024-05-10,1642378275.12
2024-05-11,300874376.88
2024-05-12,12721104.0
2024-05-14,3292080.0
2024-05-15,140803077.35999998
2024-05-16,276661.44
2024-05-17,1179192888.72
2024-05-19,14549198.4
2024-05-21,132012141.36
2024-05-23,337978.07999999996
2024-05-24,1070023983.6
2024-05-28,266015112.0
2024-05-29,130016267.04
2024-05-31,1094128273.92
2024-06-01,5039232.0
2024-06-03,2133786560.4
2024-06-05,118466383.2
2024-06-06,1357923.6
2024-06-07,1174642972.8
2024-06-10,10779391.92
2024-06-12,37300356.72
2024-06-13,3708888.480000078
2024-06-14,1031798848.08
2024-06-17,1357905830.1599998
2024-06-20,81132.48
2024-06-21,1010814826.5600001
2024-06-24,308893833.59999996
2024-06-25,1203232.8000000003
2024-06-26,90633.84
2024-06-27,474672.0
2024-06-28,893401217.2800001
2024-06-30,67408215.6
2024-07-01,365066644.8
2024-07-02,76710.48
2024-07-03,241647563.52
2024-07-04,1139698.56
2024-07-05,877528848.24
2024-07-08,109331481.60000001
2024-07-10,7996111.2
2024-07-11,68838979.44
2024-07-12,946988790.0
2024-07-15,1427512223.28
2024-07-16,109586.40000000001
2024-07-17,93854376.0
2024-07-19,821350419.12
2024-07-22,208717233.11999997
2024-07-25,86783574.24000004
2024-07-26,806892208.32
2024-07-30,5102222.399999999
2024-07-31,296750485.6799999
2024-08-01,423810456.96000016
2024-08-02,868880461.6800001
2024-08-03,219172.80000000002
2024-08-04,263007.36
2024-08-06,8057385.600000001
2024-08-07,109071964.32000001
2024-08-09,806079254.64
2024-08-10,95599.68000000001
2024-08-12,6657552.0
2024-08-13,195172457.04
2024-08-16,954605601.84
2024-08-19,91156179.84
2024-08-22,24479415.84
2024-08-23,808480511.52
2024-08-26,40300497.6
2024-08-27,296914918.08
2024-08-30,803074897.68
2024-08-31,67404709.67999999
2024-09-01,122031360.0
2024-09-03,81631440.0
2024-09-04,6057614.64
2024-09-05,121106084.88
2024-09-06,855759313.2
2024-09-09,6528297.600000001
2024-09-10,114034797.36
2024-09-13,901252711.92
2024-09-16,6073056.0
2024-09-18,79307281.67999999
2024-09-20,6007173926.16
2024-09-23,5858619.36
2024-09-24,387866360.64
2024-09-26,68237922.72
2024-09-27,940360489.2
2024-09-30,68491819.44
2024-10-01,113887099.92
2024-10-02,76710.48
2024-10-03,792620.4
2024-10-04,876201984.24
2024-10-07,19490066.639999997
2024-10-08,34320916.08
2024-10-09,275998155.84
2024-10-10,45144.0
2024-10-11,608800983.12
2024-10-14,3894501.6
2024-10-16,36730932.480000004
2024-10-18,588212309.52
2024-10-21,4003655.04
2024-10-22,202794123.84
2024-10-23,1828643942.3999999
2024-10-24,289068830.16
2024-10-25,571269607.92
2024-10-26,8690880.0
2024-10-28,4104307.68
2024-10-30,20121377.759999998
2024-10-31,102856010.4
2024-11-01,644752767.12
2024-11-04,4220346.24
2024-11-05,94714812.72
2024-11-08,446158439.76
2024-11-11,3226243.68
2024-11-13,22008811.44
2024-11-15,923421591.84
2024-11-18,2256429576.72
2024-11-20,0.0
2024-11-21,37385528.4
2024-11-22,407829201.12
2024-11-25,27404464.56
2024-11-26,86728989.6
2024-11-27,232083614.4
2024-11-29,309787362.72
2024-11-30,53976122.64
2024-12-01,1425600.0
2024-12-02,1422273.5999999999
2024-12-03,127019684.88
2024-12-06,328978676.4
2024-12-09,1503598.8
2024-12-11,79784390.4
2024-12-12,362266.08
2024-12-13,198008550.96
2024-12-16,100400699.52
2024-12-18,867868.3200000001
2024-12-19,883924.8000000031
2024-12-20,1356268396.56
2024-12-23,29458661.759999998
2024-12-26,21335323.680000003
2024-12-27,313255749.84
2024-12-30,108375096.72
2024-12-31,54783006.95999997
2025-01-01,1425600.0
2025-01-06,99593561.76
2025-01-10,795143862.4799999
2025-01-11,150218898.72
2025-01-14,17098160.64
2025-01-15,286074613.44
2025-01-16,21861246.0
2025-01-17,85637399.75999999
2025-01-27,40656000.0
2025-01-28,35894601.6
2025-04-02,215557760.88000003
2025-04-24,66000.0
